categorie,poids_kg,transparence,rigidite,recyclable
carton,0.11373655110194641,0.052415136123789355,0.24198461735782728,1
metal,0.2442600975987827,0.012468917155347195,0.8893895515049425,1
metal,0.2446511611614805,0.0,0.927652004292618,1
carton,0.21372959376467573,0.0691545530732402,0.7352359638379476,1
papier,0.05080793177355333,0.10704431234556021,0.13222550294751484,1
metal,0.04987578351665009,0.004547409121411344,0.9438023396264897,1
carton,0.14672261966094974,0.038154669383497694,0.5295990893892817,1
carton,0.09137041955736286,0.04845255217334454,0.6700435207788573,1
metal,0.2267087973254828,0.004838766511880398,0.8745096653404559,1
plastique,0.034334934153275265,0.8220740530866929,0.3724948302848356,0
metal,0.12961485171983567,0.0,0.9009200815391719,1
plastique,0.051740941364763426,0.8731510388340242,0.471161487808889,1
carton,0.16016514717845373,0.04621172658036901,0.46776344672748826,1
metal,0.3073180732424705,0.005082686396745896,0.8833569797808745,1
organique,0.20218745303608465,0.017701676156472727,0.04328018086467551,1
organique,0.08798180524728995,0.014003997947952825,0.1093769392206981,0
verre,0.34946635291633366,0.49471396390617445,0.940500280640881,1
organique,0.05449250173797064,0.0032584085214792473,0.10994748482416548,0
carton,0.14103947626873056,0.054492515707780395,0.3505412466249399,1
verre,0.4001033343517345,0.8562466907509564,0.9677775314837176,1
carton,0.18578291223789456,0.056776292016214744,0.31666822869906175,1
verre,0.34933465453687623,0.536210150000878,0.9368339048693017,1
papier,0.09459504931478606,0.07240709270537767,0.331759753560796,1
carton,0.13315510872082545,0.006768793333616137,0.4145924449777809,1
verre,0.34527353473709904,0.8247046741155711,0.9809343273923953,1
verre,0.20869756546582222,0.9399494963975852,0.8873095883103371,1
plastique,0.041587093544692824,0.6119911026606032,0.4074094780419775,1
organique,0.16333909108998398,0.0026354674057816867,0.14982623169482906,1
organique,0.10396553357672499,0.0013227279049742133,0.13800591881281807,1
organique,0.17310723931798785,0.0008079162972197933,0.10371209926504169,1
papier,0.08802176942215709,0.12942892022103047,0.1356450167682538,1
plastique,0.0253827136713209,0.955532979157685,0.5366874267444525,0
metal,0.24790355116495283,0.0,0.8906551920919008,1
papier,0.13106644833905715,0.07868212018972284,0.05424485005350696,1
papier,0.07788503665822727,0.1631292051713591,0.2126379579546412,1
verre,0.23224716347250635,0.774782765656206,0.9210268362964964,1
carton,0.14906250800635595,0.038985576086089775,0.478860812858357,1
metal,0.20464181878467164,0.006295295842218108,0.9107356591585264,1
organique,0.16488772406197716,0.0,0.07139029648532783,1
plastique,0.06951090254244718,0.7128560038190925,0.5831458765854354,1
verre,0.4367765024170888,0.9493628355022035,0.956024997939465,1
plastique,0.05592240554129153,0.49512247173314194,0.2816741487334225,1
verre,0.39466397315170854,0.8911271490724257,0.911418583879156,1
organique,0.09647822123295825,6.211355621786127e-05,0.12365254641166065,0
verre,0.32737547809913237,0.6933692104383139,0.9041420097401982,1
verre,0.3679036796548965,0.8550653400182101,0.9156228274330204,1
organique,0.16928197165472328,0.0006884573128385278,0.02459060728230357,0
carton,0.21848543889848904,0.04987296886454263,0.5781452248362243,1
papier,0.05966853890743682,0.1746344284479761,0.3085982116175032,1
organique,0.09257530128328317,0.0017255019180419026,0.09809299572791756,0
metal,0.19947829478164336,0.008745170741325225,0.7504432014549638,1
organique,0.14642796014388734,0.0,0.14997095163389557,1
verre,0.43065932479136865,0.8399870820042405,1.0,1
carton,0.14225376990818617,0.02535715340370335,0.5054948242160369,0
plastique,0.021505036275730867,0.6106970095865958,0.3711341361079862,1
plastique,0.03796586775541207,0.7307450211891056,0.46901439917111126,1
metal,0.2708185186391193,0.0,0.8645279498786227,1
plastique,0.04073164614375076,0.9907068154314633,0.39743960579567583,1
verre,0.2559586225432097,0.6738636802928217,0.9444633285459652,1
metal,0.2034811734914773,0.012571492168625728,0.9387577747017392,1
verre,0.34527353473709904,1.0,1.0,1
plastique,0.07061999044991903,0.3265469614816503,0.49504238381860505,1
carton,0.20726945942736763,0.049176610461749,0.6631196261047245,1
verre,0.2727332857726529,0.6739834882124993,0.9235350881226889,1
carton,0.10262539325131126,0.059391436366968656,0.5116210578105845,1
carton,0.1972485832694366,0.05201040189016324,0.5593903513440159,1
carton,0.20375879678342293,0.06481181736206094,0.6211296499728214,1
organique,0.10785217667697422,0.0053174488312565885,0.12612809604376637,0
plastique,0.05722791211016828,0.7372908629538855,0.3549934528520757,1
carton,0.12342215313784716,0.06074181666122287,0.6386242735783854,1
plastique,0.053491556256636784,0.5036982697904098,0.3967305251905907,1
papier,0.06045929318624513,0.14415548885735796,0.1307579020126144,1
organique,0.10002000260134519,0.02633537940031605,0.06253921914555388,0
metal,0.12413215966206395,0.0,0.8379119712259188,1
verre,0.399973762011211,0.6279562056899841,0.9030766044897075,1
verre,0.34527353473709904,0.9682779784140273,0.9545507975522618,1
metal,0.35896488893595535,0.0,0.9112632058623775,1
plastique,0.05393722471738247,0.803007053441732,0.4959270826085207,1
carton,0.16675185626312336,0.060974165359700634,0.47726668174850306,1
verre,0.4132941633793465,0.8404504036095607,0.9724614217459873,1
metal,0.3185330721970079,0.0014125714008746324,0.9102194515801488,1
plastique,0.04855979756839333,0.7163748278772645,0.39743960579567583,1
verre,0.3195446361512742,0.7279802198456224,0.9224525942767285,1
plastique,0.07007065795784048,1.0,0.3400624977046227,1
verre,0.20948400776355397,0.7925350235526373,0.9782201493946633,1
carton,0.17575213366380937,0.038043832270292816,0.5054948242160369,1
organique,0.05529001384295299,0.008280660763723795,0.10076135103087247,0
metal,0.21525084730120195,0.0,0.8043872512290111,1
metal,0.042989944666193686,0.0,0.8764437674091061,1
verre,0.4543545909286553,0.7048092447059965,0.9369300037522438,1
papier,0.08446002371606334,0.07244071418357334,0.28406200265045534,1
papier,0.101568599319952,0.13971323398109137,0.0932197078420807,1
carton,0.16202356246651034,0.08095140190057853,0.41023610969846597,1
verre,0.31493184721212125,0.6113989549356733,0.9248872141902937,1
metal,0.32507306870656866,0.0,0.9112108202145397,1
papier,0.080960124471973,0.1183682753408089,0.2738810480887503,1
organique,0.16140594880030196,0.017467389375083464,0.043366812322017625,0
plastique,0.03940479592465923,0.6031531854267497,0.3751035851520927,0
plastique,0.026075867518386586,0.5539266736565727,0.5353872374165414,1
metal,0.2309058654249248,0.018486088332964116,0.8016465148206424,1
metal,0.11739808771779685,0.0,0.8315842480583595,1
papier,0.05732764521521466,0.15983157433228257,0.2423599065593461,1
carton,0.16182908754380987,0.025937347959666145,0.322180646960735,1
verre,0.5120533445165877,0.8134934222190185,0.8722050674755052,1
metal,0.10595243155001188,0.0,0.8524040769988882,1
organique,0.14721963511891845,0.005074209278332888,0.047682256331481244,0
carton,0.17922516080596546,0.04260828942165726,0.14130883534637773,1
organique,0.06319045880894492,0.0,0.1903258105331005,0
verre,0.47701255465757153,0.6974852314804816,1.0,1
organique,0.08881726782933828,0.0,0.11000074255858741,0
carton,0.17073492643654434,0.04839594005174454,0.5852720337911897,1
metal,0.18388067728419857,0.004794415180860639,0.8990453285470885,1
organique,0.1383982669773498,0.0,0.13966427025825626,0
organique,0.19113607946116912,0.0,0.10145513541625113,1
plastique,0.04928347921780097,0.9064930521102293,0.6060747924881987,1
papier,0.08084543472107385,0.098421090316297,0.27094518171390397,1
verre,0.35006991175571744,0.902393485468572,0.9410494016441256,1
organique,0.04997215748047096,0.0010207491624738367,0.11807077618859899,0
carton,0.26666222021426506,0.03127422735186455,0.5049991888498703,1
verre,0.2412219064738238,0.7961916430423269,0.9638284576297463,1
organique,0.04809961440071078,0.005053265000780651,0.05966268098952556,0
papier,0.1111971406218823,0.06988939698191098,0.2126379579546412,1
metal,0.28572345217879086,0.0034980002456790754,0.9135028679195711,1
verre,0.3341898509929801,0.8320445636642766,0.9370374778709887,1
verre,0.1330122312959141,0.7961916430423269,0.9888508047878644,1
carton,0.1487986070959698,0.06277035721188971,0.7166630582230538,1
carton,0.14337416602290518,0.041524471771039385,0.33473102031201596,1
papier,0.05085157884468046,0.13684219485462168,0.16506832038818026,1
organique,0.06808745006650657,0.0018676205484824018,0.00825959851827221,0
metal,0.11528739303547197,0.0038298898474092846,0.8722226610256567,1
carton,0.17797245379975185,0.0546431189948407,0.6719935874842891,1
organique,0.12133940307298112,0.0,0.20602840602152508,1
verre,0.36985583628962915,0.9813472916159699,0.9545507975522618,1
organique,0.15961517880771925,0.006148413973029732,0.037335218634836756,1
carton,0.22459598231726363,0.06977338338716005,0.5157963981318631,1
plastique,0.06862560238232397,0.8372520380749027,0.3423096344337597,0
plastique,0.06582063894086095,0.8176634412969153,0.34697423816275597,1
verre,0.33696548540127913,0.6724165312006707,0.987666288018862,1
plastique,0.052218451794197325,0.7428187488260407,0.31727690564476774,1
plastique,0.04928347921780097,0.8704866669592448,0.39743960579567583,1
plastique,0.020429560192651453,0.9271131280361198,0.6189802933217673,1
verre,0.3081856965990728,0.6965689518379451,0.961759991442735,1
metal,0.14783288891255514,0.0,0.8576842011267132,1
verre,0.2841231174218643,0.9098185410999609,0.972419514680793,1
organique,0.07372179294406361,0.0005178385119895345,0.13795892513526306,1
organique,0.07752215009219594,0.0,0.16451305645230324,0
organique,0.10609739067496744,0.0013164456691928453,0.15912828635304357,0
verre,0.5655239538433073,0.8720843161116122,0.9421634800888736,1
carton,0.10009850814101398,0.012110538623260711,0.5564861022708687,0
verre,0.4777926829238165,0.5962593204914971,0.9033138873629888,1
metal,0.3563325947000229,0.01388337778208448,0.9867468287918404,1
plastique,0.02617393005594703,0.4571622774424535,0.40773683076476186,1
organique,0.0991590671965697,0.00286194759048022,0.02695375306741714,1
papier,0.06536265775562893,0.13830401391923453,0.19094667176958394,1
organique,0.10341136933973408,0.0011038963910769705,0.10044140691336974,0
papier,0.06069445308859571,0.15743186747143578,0.21895816165987436,1
verre,0.3442095092662215,0.9061573311874431,0.9834203980471182,1
organique,0.15464618513094594,0.0,0.1575609820392807,0
plastique,0.040416515243094205,0.4844510444141387,0.39743960579567583,0
metal,0.22529247657462229,0.0,0.927587039995546,1
carton,0.1594546246919526,0.03077023260688925,0.47550187890741524,1
carton,0.08156477282201657,0.030956423865213013,0.35401365299411997,1
metal,0.3019900033022978,0.0,0.8904748447001094,1
carton,0.1301668920089041,0.023489801766351872,0.3703413393628729,1
carton,0.2593744414687103,0.06144185556809843,0.7720015927974163,1
metal,0.29899505077473115,0.0,0.9045876242224187,1
verre,0.21806521108625943,0.7690149247353006,0.9773607969028502,1
organique,0.14850432949681827,0.01208347817573563,0.13247486824296198,0
verre,0.46290694375351427,0.8484868644363469,1.0,1
verre,0.43184847346385397,0.9083810120435116,0.8955203450852673,1
papier,0.09673430919055587,0.13611906789138858,0.29857299956798633,1
papier,0.1044721163761789,0.1010396853837704,0.11567534046838084,1
plastique,0.011624575694019174,0.579956624568241,0.2695530499495147,1
organique,0.06882817601914273,0.0,0.08485193115628495,0
papier,0.09472924854914755,0.05233356958706439,0.13773506382655482,1
papier,0.04064491302949522,0.18634819256167026,0.4589563642018614,1
verre,0.3030852279805065,0.5765910410526042,1.0,1
verre,0.4010296389582323,1.0,0.96270869461231,1
metal,0.14917100889394966,0.0,0.8698009687015386,1
metal,0.16064780419950359,0.0,0.8990453285470885,1
papier,0.0641414995475073,0.09610814014935991,0.059368253632816614,0
carton,0.1386869564413124,0.06175463304959885,0.48749235870885604,1
papier,0.09799786189988613,0.2030751788318199,0.13921780129055678,1
carton,0.2096978129994139,0.035155409596167315,0.5720456979519948,1
metal,0.11264528796837497,0.0,0.9758197027626787,1
plastique,0.04355876967588649,0.6958196812071703,0.16980788352644152,1
papier,0.0797264301006739,0.060755084345888,0.34122205554154295,1
papier,0.07084325886935997,0.1112342362875943,0.23257963165821666,1
organique,0.06332289818680283,0.0017698631145506066,0.16707159876868513,1
metal,0.24656212536677816,0.022187802334481338,0.8332259215450054,1
organique,0.06649162272420123,0.010401885647927522,0.16015239261029623,0
metal,0.25004064134648285,0.004576865860535521,0.8314163151384767,1
carton,0.18503681425664487,0.05895723495503588,0.7902058997650085,1
verre,0.3703701798138849,0.7439901097435146,1.0,1
verre,0.2771684850052114,0.8815248654184014,0.9451685546688389,1
papier,0.07954070452481013,0.17716217641360946,0.2126379579546412,1
verre,0.42133995902054455,0.6967760464849592,0.9057418250500076,1
verre,0.3985315996560453,0.9406757452349966,0.898421187656492,1
carton,0.0983565385706473,0.049605018129307454,0.5054948242160369,1
plastique,0.05183521553071005,0.6330997528318103,0.2465885829264378,1
plastique,0.044166125004134464,0.5232285127597733,0.44017117220989416,1
carton,0.14906250800635595,0.04208342438536676,0.3565734675275529,1
metal,0.20655964451308484,0.0,0.9388703676382256,1
carton,0.16059085394872388,0.026599646988021756,0.41979001286606127,1
carton,0.01,0.06915764456353954,0.5065669644070834,1
carton,0.14906250800635595,0.06661704648558733,0.5811585145238957,1
plastique,0.05825561853872997,0.7151609116387452,0.26172002690356644,0
organique,0.1482382407161817,9.46519402268165e-05,0.05833525208787549,0
papier,0.0975909205626528,0.09097600432046872,0.19168944273713054,0
metal,0.2193057547933425,0.0,0.9600265829236937,1
plastique,0.07712480057141646,0.7091143679807627,0.5237816311973462,1
plastique,0.07614285508564857,0.8094194762340076,0.3750963960443622,1
organique,0.1281152719438049,0.021036731030617203,0.0421510762428854,0
metal,0.18364230232111028,0.0,0.8441406769146499,1
carton,0.16825627059915052,0.050222831260975154,0.4341491073693157,1
verre,0.4085503460858579,0.7740447681954624,0.8678129642205971,1
carton,0.22739998769620093,0.05845310131003208,0.553877457378812,1
verre,0.3600817422254052,0.8627378832179001,0.9545507975522618,1
organique,0.07619586245409106,0.0,0.0589265235485175,0
metal,0.22372604361126094,0.0,0.9611541533547663,1
verre,0.45622098509137116,0.8758252715917237,0.9533749267937504,1
metal,0.32154271389134154,0.003937972982162515,0.8519976852360268,1
organique,0.11353009950116713,0.0039844912285787945,0.14686636459104385,0
plastique,0.014739196892745325,0.7163748278772645,0.3474244978319239,1
metal,0.20124946671596824,0.008141517621182665,0.9366246051389902,1
plastique,0.06295377076201385,0.549252767128502,0.31745028032074885,1
carton,0.14906250800635595,0.05103252753422416,0.4366049658917663,1
papier,0.07475120729913774,0.12223013341100704,0.10448774206506471,1
organique,0.15672961419030257,0.0023497787481624693,0.09523451394753248,1
carton,0.24785318202708206,0.046407519995295264,0.5054948242160369,1
papier,0.08084543472107385,0.057473977289534996,0.2484732817294475,1
organique,0.02813047948087788,0.00433749220886346,0.03158655306371855,1
papier,0.06250767684293185,0.090855177944758,0.2126379579546412,1
organique,0.14291546971971575,0.0,0.10320835628123372,1
plastique,0.028845781420881997,0.7715574720696566,0.40125924007817954,1
plastique,0.04928347921780097,0.7116417436892,0.3598779528114164,1
verre,0.26836945909451543,0.5540905598503916,0.9213615787725736,1
metal,0.25005047469168007,0.01904136589573007,0.9943843828670096,1
verre,0.6069926839690334,0.8110944446110353,0.9545507975522618,1
verre,0.3547017213123745,1.0,1.0,1
plastique,0.0804605971281605,0.5220971140748953,0.36786141583470067,1
verre,0.43332238776207416,0.7435171023466601,0.9700671813512395,1
carton,0.1493264089167421,0.05030038453188579,0.3406554267250439,1
carton,0.11452138535233876,0.09375299749100038,0.3481857671303634,0
verre,0.3046255691463558,0.7956612673737695,0.959878299508619,1
plastique,0.04851108168467666,0.739811939114694,0.3910879960487212,1
papier,0.1447192463979651,0.1613466611942154,0.23319803305690145,1
plastique,0.04401985299068265,0.45994071858884467,0.2875357908162131,1
plastique,0.033830127942136246,0.8835723894109552,0.5179297184063827,1
verre,0.3679845418728059,0.7733389517768892,0.9433210079347392,1
plastique,0.07955788089483032,0.780996342192191,0.5551151975522524,1
carton,0.1070775029812657,0.040268402186523854,0.333761380727602,1
organique,0.1466012841935783,0.0,0.08616820654192767,0
organique,0.17606237020454682,0.0,0.06404966661592981,0
papier,0.04489660921821922,0.1315405842277389,0.08209602088401975,1
verre,0.36349847208196884,0.6888751388048446,0.9784975152670691,1
carton,0.10786287049925292,0.04839594005174454,0.32968086594528045,1
organique,0.06729138097079478,0.0018911121660394065,0.07493153641660909,0
metal,0.09502246452548752,0.004086073077017676,0.8670875793833076,1
plastique,0.045317260861016395,0.6845796581171791,0.34362754471960255,1
metal,0.2683180781241779,0.0,0.9815928449544555,1
papier,0.08805776836589771,0.12144082501652866,0.2677875319530908,1
plastique,0.05522110544359779,0.6494863697213679,0.19607678222398994,1
verre,0.2065635032841154,0.5837758627904578,0.9923539504992517,1
papier,0.09424094698639858,0.09395259256961093,0.2452371796249734,1
organique,0.12513528144150493,0.004726630560767134,0.022201498684104648,1
organique,0.057294605975960894,0.0,0.06374516395129112,0
papier,0.07359671387209377,0.12962634746005916,0.10006977677050893,1
carton,0.1091798006949479,0.04839594005174454,0.6520513610815795,1
papier,0.08084543472107385,0.1389180538083319,0.14952250787717827,1
papier,0.08543064676111121,0.08738232489368562,0.13882309090947148,1
plastique,0.07285645629030041,0.30958244009549957,0.30142739536644564,1
metal,0.22738702675916972,0.0,0.9851257329064803,1
verre,0.18704070140236725,0.8600618043857655,0.9687140027788652,1
carton,0.029012737629411867,0.045246097506207186,0.5342864791276846,1
plastique,0.060851200871719295,0.7026003783755813,0.34930568246288707,1
verre,0.14216233450810567,0.7065694255365075,0.9696631575691839,1
carton,0.15326340976712766,0.06236976760912951,0.4257828581349675,1
plastique,0.05714225143023493,1.0,0.32515134634434467,1
metal,0.2836070779267803,0.0,0.8896694360151977,1
carton,0.21015563232154022,0.05325488829692792,0.3697338456121777,1
carton,0.12559015013838765,0.023117710592736266,0.4807937440588083,0
verre,0.2955077765041091,0.8753624948280542,0.9157194859459096,1
verre,0.19420476823233318,0.9965815737038319,0.9064433117981241,1
verre,0.35299836345271574,0.7456197462350957,1.0,1
organique,0.11148533416491943,0.0,0.15753037752965346,1
papier,0.10453298897600861,0.055625391109895,0.24283070972076487,0
papier,0.09609958257581859,0.02187270715567287,0.03836893915634121,0
verre,0.2562644317776679,0.9808442116929257,1.0,1
organique,0.15773158214527772,0.0010207491624738367,0.16265444586510383,0
organique,0.17883457082871196,0.0,0.09355504079409052,0
metal,0.15261152354783572,0.0,0.8855725652062147,1
carton,0.11239217972047083,0.053845859562837925,0.6578793412024495,1
papier,0.08171039374691254,0.1030839924923986,0.0,1
papier,0.08031057859530143,0.08135834239541165,0.3187386051564751,1
papier,0.096148882371489,0.08164860804583389,0.2511202599524981,0
organique,0.11399078082424233,0.0,0.12116061872285089,0
papier,0.08084543472107385,0.1150895949909733,0.14646718140460774,0
plastique,0.06534869458305818,0.7553381598660037,0.4243687211491913,1
plastique,0.035712971639472645,0.5363558633533054,0.4881639756949451,1
carton,0.1126460960349179,0.036099126797005214,0.48886835321759137,1
papier,0.14040161742579868,0.08644381994787156,0.1464036554885952,1
papier,0.07498634858640765,0.16874382095740925,0.21232048067844858,1
papier,0.12413510982480826,0.18861257983348723,0.18673662536174265,1
metal,0.2309446816551362,0.0,0.9029492110794799,1
organique,0.05682430171602584,0.0,0.13877118665446872,0
papier,0.02491383880690111,0.23008415570901974,0.21132704105377645,1
carton,0.19364595933853934,0.04833932793014454,0.4025912459384382,1
organique,0.0991590671965697,0.0,0.07175090444839621,0
carton,0.14906250800635595,0.05075723830017901,0.5059904595822036,1
carton,0.11755430593637506,0.025133521431878025,0.435164324125306,1
carton,0.20829030096041928,0.022971084702160575,0.2617303189373663,1
carton,0.1816680657421826,0.050959228919630936,0.40403532088338007,1
metal,0.14737323569182903,0.008451579711843215,0.8434898137663038,1
papier,0.04859267051954182,0.12579696088520498,0.279994190194205,1
papier,0.05729614734291618,0.11467789660833147,0.37106133725819257,1
verre,0.18302208279315996,0.8514702576525311,0.9447304037281337,1
papier,0.09609529530711211,0.06951085478403089,0.4062524919243145,1
metal,0.12737950558824637,0.0,0.8172556281885852,1
verre,0.27955298965404696,0.8875700564234437,1.0,1
plastique,0.010248621707982145,0.6050109377678087,0.5277676821898509,1
plastique,0.06043883131233796,0.7042007683265518,0.23935536797424276,1
verre,0.43166985177135697,0.7655896095904472,0.9981482764557065,1
carton,0.22843893020514244,0.018407689851882465,0.7247873858017803,1
organique,0.09909688235622328,0.0,0.0,0
carton,0.16329431490296664,0.0523803681210795,0.3902729894155505,1
papier,0.08245488075642696,0.03878508818553172,0.20678555105274035,1
papier,0.12822036728059977,0.07586282389089838,0.36950510404307535,0
organique,0.10087775232861329,0.013680984817638128,0.13041144476536562,0
plastique,0.05947184861270363,0.5342009978155855,0.4757507710047305,1
metal,0.13111296718611437,0.0,0.8446853243794183,1
verre,0.36338476542459996,0.8689893538733217,1.0,1
carton,0.15341853146551304,0.01947458006555576,0.6389093566717949,1
carton,0.08359518687831259,0.07757419492526701,0.6871635251114323,1
plastique,0.059934283060224657,1.0,0.49751197334177516,1
verre,0.3034549817595946,0.8737106850529247,0.9670300009549929,1
metal,0.16455647830972142,0.0,0.8735511145967992,1
carton,0.19283085523128388,0.03675738309064802,0.5810036347425384,1
organique,0.060093017090374054,0.008442832280974177,0.025542679105043584,0
carton,0.14323728373031538,0.06353932774679075,0.6455590084770277,1
papier,0.07169560100333239,0.13095771305025988,0.03980341881028315,1
papier,0.06361266655242552,0.052028038163826014,0.2586693801475275,1
verre,0.23745809922531108,0.8470792945205202,0.9487911511450935,1
plastique,0.09380911251619958,0.5821270486111576,0.2802122107411152,0
papier,0.01,0.006673169146346997,0.24037300903366096,1
papier,0.038842965712059314,0.0,0.2672573701202732,1
carton,0.18485514279541362,0.0782598951125366,0.5950417310863747,1
organique,0.06633152215847964,0.0,0.1527206056109706,0
plastique,0.05194155098696081,0.5584661068762438,0.46453759495851477,1
organique,0.07431221389862916,0.0,0.16148871122609687,0
verre,0.40166693086481225,0.5099482548338661,0.9518830116583968,1
verre,0.5581314656765142,0.9447522441594844,0.9336559610160173,1
organique,0.14333361751645263,0.0,0.07729832098402781,0
plastique,0.03709760490789751,0.2949714826684785,0.40469805937647424,1
verre,0.3099618639816682,0.7666380832316652,0.9701695011677038,1
plastique,0.05137125949612055,0.862572423767792,0.37790304004667774,1
verre,0.45645686780267,0.6996318378331036,0.948455618221421,1
papier,0.059927817840202506,0.07714518717068641,0.3107080669286973,1
verre,0.28494151584431426,0.8847051593804234,1.0,1
plastique,0.05519765588496847,0.9197553703974379,0.7078880808455238,1
papier,0.07372028968544402,0.1830629607273935,0.10254706953293585,1
carton,0.13608044145945108,0.057421881026278446,0.5104620273261573,1
plastique,0.0809986881003508,0.8494587210246524,0.39743960579567583,1
papier,0.11557112463988992,0.07354736613268527,0.0946317580853646,1
plastique,0.06926752258488644,0.5205491257028336,0.39743960579567583,1
plastique,0.037987226201623904,0.7770634759457673,0.38912398515431423,1
organique,0.09377737221912658,0.012010147611718905,0.08329317757700787,0
verre,0.23928955453999784,0.7223699523637664,0.9100727342196908,1
papier,0.08481721943149594,0.14776526042852556,0.3615375689469442,1
carton,0.2117560910974264,0.0,0.44219250087121764,1
verre,0.26815257829576084,0.7235213633750038,0.8953185526968302,1
metal,0.21578338125049654,0.0,0.869570513838015,1
plastique,0.05454919869208259,0.581685722232834,0.5644967713501284,1
verre,0.33509633332704697,0.5477269512300157,0.9214497640180213,1
plastique,0.04928347921780097,0.7682303949633287,0.3177779604433569,1
carton,0.14375121068208668,0.033897815202274154,0.7543082687677944,1
papier,0.08922220093427302,0.20287477348558494,0.17539375118700515,1
plastique,0.08129287311628013,0.5414958523134599,0.39743960579567583,1
metal,0.18523797138753204,0.0,0.8803764446969564,1
organique,0.07830870648949344,0.0,0.11107388488379581,1
verre,0.1746530583749337,0.9072510520701711,0.9700812752745737,1
plastique,0.0656364574355462,0.865083269797606,0.5119574911434577,1
organique,0.09922125203691612,0.00620747555279424,0.11703270682060707,1
verre,0.4256351569287381,0.8458331480565888,0.976642994640673,1
verre,0.4313863908123605,0.657397431289201,1.0,1
organique,0.11306496870260536,0.005469610954632903,0.06536225711509788,1
papier,0.08722259538465706,0.15742228545983775,0.16907909229501367,1
plastique,0.028753925725477903,0.7163748278772645,0.46141667000434256,1
organique,0.1069010713169236,0.0033869836883918527,0.10119475484931498,0
organique,0.08161804235352975,0.001310207620786982,0.10371209926504169,0
verre,0.3658255980953367,0.7751415420280078,0.9134061457184891,1
plastique,0.05342736562379941,0.8030095372612096,0.3232652437111951,1
metal,0.15689265150458095,0.0029562448874709507,0.8226348005530817,1
plastique,0.05515100781445529,0.7924206948526541,0.19325578999601234,1
carton,0.10726635275142915,0.05082758105171696,0.39721907032108916,1
plastique,0.03321564953554723,0.3774568257620696,0.39743960579567583,1
papier,0.0917541201620764,0.08138966119644736,0.15250963433774756,1
papier,0.06904035346063674,0.06263941604260884,0.23672873134013409,0
metal,0.17892414271342008,0.0,0.8301440907443505,1
organique,0.2106391845775707,0.0,0.06497315859952307,1
plastique,0.03911234550949635,0.8712797588646944,0.43227185603380897,0
papier,0.09523507268868872,0.10882207776386127,0.016936710314354314,1
carton,0.20505778811236433,0.08342965782364184,0.6493298703624621,1
carton,0.13977725101573876,0.06340439794554678,0.6189402280239661,1
carton,0.18643423986084579,0.018673005340718155,0.2378820372957402,1
metal,0.14126609609772034,0.0,0.8990453285470885,1
organique,0.1414289857033213,0.005963970691176537,0.09884875727767496,0
papier,0.09165735813592893,0.11905791924413889,0.3873297776217546,0
plastique,0.04229835439167367,0.6029272904341793,0.4150393786476208,1
carton,0.2384558350131643,0.019493618195330888,0.34652067330225583,1
carton,0.16276366937067815,0.04916638395220213,0.6295394988869886,0
organique,0.06830806431183575,0.0,0.10547037995100293,0
carton,0.15957534693963654,0.03804580972533815,0.26375307958504646,1
verre,0.3151986913703161,0.8071931075424659,0.9080806254441057,1
carton,0.06735406510805579,0.05314109162818883,0.68266227284768,1
metal,0.21578338125049654,0.0030110733919174212,0.917625248417844,1
metal,0.1500523688229421,0.0,0.8180257918737284,1
metal,0.1940841947513286,0.007450053128772811,0.8024449067980688,1
carton,0.07759718139796551,0.054326337631370014,0.43096048976250156,1
papier,0.06029317163085813,0.1033495358612436,0.16968202171657246,1
plastique,0.03183951848957578,0.8428000988184183,0.48576596232020197,0
metal,0.2753048464613987,0.0,0.8965682976957265,1
papier,0.08847739851464899,0.06770179104377325,0.25514853760404677,1
carton,0.1268365522169584,0.06169145255899136,0.4643084678979388,1
papier,0.08897877741219476,0.05610087066217195,0.15645136294301568,1
papier,0.07439086091043662,0.029081713353348415,0.1646833707189312,1
plastique,0.03963459563452705,0.4478232091329909,0.4115674634292859,1
plastique,0.04628682046672366,0.5569392581480063,0.35308243478952955,1
metal,0.21578338125049654,0.005950294658355647,0.8881722356390527,1
verre,0.34527353473709904,0.8261958904051743,0.9348345769032025,1
verre,0.37425204256125194,0.6155195932638778,0.9726267445910667,1
papier,0.1217062264705194,0.07812708498382948,0.18128557349954513,1
papier,0.08084543472107385,0.10073440973645986,0.2024219456672758,0
papier,0.07031960483473593,0.09821792588512583,0.20700521631131816,1
verre,0.41075668643313584,0.7211291919030566,0.9434542013615125,1
plastique,0.04928347921780097,1.0,0.2551915658502676,1
verre,0.27008894291747343,0.618890625253044,0.9545507975522618,1
papier,0.08084543472107385,0.011959559400961203,0.2338483843461691,1
organique,0.11010359709516365,0.0,0.13770379665790447,0
carton,0.2062793885520172,0.03407658590612511,0.2508135255940367,1
verre,0.37527555075378866,0.904214154626981,0.9936579274309574,1
metal,0.15954026365904508,0.0,0.8990453285470885,1
organique,0.08489781374364161,0.0057679382391381704,0.13958982064017353,0
carton,0.2551903046063705,0.04267536921363477,0.5284491315595131,1
carton,0.11580202491004515,0.045885448183440536,0.6014897024923771,1
carton,0.07296034787845665,0.05663687726517031,0.34962921025911575,1
metal,0.144258254525634,0.01625958915362063,0.927827656226688,1
verre,0.4304439110110865,0.919048691297053,1.0,1
carton,0.11192962283575975,0.05218941208094578,0.5054948242160369,1
carton,0.24908459032000146,0.058129549544768365,0.3780908064622352,1
carton,0.15115693615490838,0.03566720259895511,0.2727356985566525,1
organique,0.13345314877341824,0.026450367904151586,0.14084339847661312,1
papier,0.0354530609465029,0.06415888396985975,0.15683796872819517,1
plastique,0.03358635363296579,0.7163748278772645,0.3809661321916392,1
verre,0.2211552620242675,0.8742433276342289,0.8922215975947141,1
carton,0.09723064914537562,0.05065151154817124,0.5983402141324262,1
organique,0.16939327564908913,0.011414643179722508,0.08180403032551818,1
metal,0.28727843401487735,0.0053481733634591026,0.9223436250401349,1
papier,0.07567737332835153,0.17710549762839378,0.18819314730089215,1
papier,0.11589714504993473,0.011578031721857424,0.2513907849658915,1
plastique,0.01,0.6770527117066202,0.4120295631711899,1
plastique,0.09926484224970572,0.7227034690502495,0.30601202136726446,1
carton,0.22275106113815818,0.017473612920768322,0.5365455570541282,1
organique,0.13235698889116046,0.0,0.1524997083725284,0
papier,0.0931081450923905,0.098421090316297,0.32171585208254966,0
plastique,0.04677428576667982,0.41282756976411206,0.22966175606448455,1
plastique,0.046152780704377554,0.8324261349042092,0.34861330826633063,1
papier,0.053455918579192976,0.12568000532848583,0.31096998419562233,1
carton,0.13651407342213318,0.06961706898274951,0.5054948242160369,0
papier,0.07247500950634858,0.019243409204724532,0.3161878302608191,1
papier,0.09737874498803265,0.0755575289106863,0.3938928999058285,1
plastique,0.03595893812245295,0.8549268106858673,0.3035076539419896,1
organique,0.129801222516512,0.001196002626671043,0.14951192268525915,0
plastique,0.060265348662267126,0.9533822298373245,0.4971570950954356,1
papier,0.04689900181478379,0.011961862042209115,0.29192289345752037,1
organique,0.0991590671965697,0.0,0.04887073248639543,1
organique,0.08403604584716298,0.01013455821741101,0.10378796715991899,0
organique,0.03047553441818454,0.0,0.1358641790579388,1
metal,0.18793298307466438,0.0,0.9609485394896832,1
carton,0.08548177577285819,0.04830220362995294,0.4013851763670293,1
carton,0.15076894906860527,0.04692347945603267,0.40799587812225757,1
plastique,0.04215783693735685,0.6880949287876399,0.5058424486849589,1
plastique,0.04928347921780097,0.6470686333524087,0.42320499373576365,1
papier,0.03899363904753737,0.09391262458083582,0.2126379579546412,1
carton,0.20017832800916427,0.04839594005174454,0.6205047573231743,1
plastique,0.04397792608821423,0.8141781021386334,0.4183342005738352,1
plastique,0.04768703435223519,0.7163748278772645,0.48723206367206784,1
verre,0.3783032205395216,0.7584651740305434,0.8985662833435457,1
verre,0.540941664047013,0.9834756425887186,0.9252066910996357,1
papier,0.08063814730208185,0.11493764541828431,0.27600559636896027,1
organique,0.021199981783245045,0.002129499736716229,0.07630675649202356,0
carton,0.189109130397788,0.07784944325885146,0.4769773581566215,1
metal,0.20762753595530467,0.0,0.8356418215707875,1
plastique,0.021692585158991716,0.4139717244078734,0.5502357052096029,1
papier,0.06183153380789408,0.1234387128037512,0.0,1
verre,0.45804598690053494,0.6792819625009513,0.9762444389331975,1
papier,0.03958621131410911,0.1442022698180525,0.1776534017628148,1
papier,0.0667015324642547,0.020264846636660228,0.26347214685617704,0
carton,0.07917511824602662,0.04278217161150786,0.5746227885958487,1
organique,0.12610585628708315,0.0,0.12398398697549817,0
carton,0.11289969321711799,0.04262408126644329,0.5023711316167759,1
verre,0.33427861066355485,0.7549459267867058,0.948869845527759,1
papier,0.10802959733717821,0.09586596570786504,0.19758043936090838,1
metal,0.2960063165141489,0.00820344012612456,0.8555379585885838,1
metal,0.2098838156764466,0.0,0.8608123239437786,1
organique,0.018983276667180818,0.010779017394533253,0.08246447776882519,0
organique,0.11380301507783402,0.0,0.12009594775869616,1
papier,0.06988742086645883,0.059090055828884644,0.2546733568201379,1
organique,0.07923370708825239,0.005956440575697195,0.12766817843863115,0
organique,0.12043451956593271,0.0010207491624738367,0.08679144950423329,0
verre,0.5070494635261139,0.9129956403616475,0.9363802014750096,1
carton,0.19759801817549008,0.034059943928356366,0.6622913089611273,1
papier,0.09523973980737631,0.1282754822815772,0.056172202168263324,1
plastique,0.03875424941518055,0.4858215003877775,0.3786552848288153,0
verre,0.3912570396644122,0.7978566452915047,0.9860733136892537,1
metal,0.25433142203505565,0.0,0.8708200336826998,1
verre,0.37346520051550863,0.7961916430423269,0.996643954216431,1
verre,0.1655094759703906,0.6490826160374756,1.0,1
organique,0.09042492593964341,0.01142699916235183,0.10936477749116093,0
plastique,0.04928347921780097,0.39703055506282703,0.398148686400761,1
papier,0.11257686697494734,0.13241402169219296,0.1920358608754285,1
metal,0.1359969148481883,0.0,0.890265135194166,1
organique,0.10308579143532506,0.00559577061510467,0.14133207676949483,0
papier,0.0798178726538032,0.13365906756349794,0.2126379579546412,1
papier,0.06182855230989985,0.09499229617600237,0.21904996797790666,1
carton,0.12030799188766805,0.05786538446940444,0.6406340183307148,1
organique,0.10574351746020641,0.0,0.22207521710847342,0
verre,0.4027764760931661,0.8515427884302826,1.0,1
metal,0.28189676368855854,0.0,0.9085231885498286,1
plastique,0.04344675706804464,0.5146139056843834,0.46860514599984393,1
carton,0.10898793352756492,0.06697124068951496,0.3931258710787644,1
plastique,0.05723272050095268,0.8267838044636022,0.40052436997181834,1
metal,0.020248853281231577,0.008953554307625997,0.9492724842807609,1
verre,0.3147827016400409,0.7390260684955607,0.9569671296810631,1
metal,0.2809170428326685,0.0021539650545628793,0.9158726630625088,1
papier,0.11905223868196393,0.058655982298007,0.2513105798176083,1
plastique,0.054645073943220074,0.7193991929985436,0.29184519963856054,0
plastique,0.06643805008750447,0.8009974557960914,0.45144388340587494,1
metal,0.2408633670822076,0.0,0.8938645533202139,1
papier,0.11601241723833276,0.08593362214408934,0.19805803941122674,1
verre,0.27174562947655195,0.7004154629680002,0.9994441368654509,1
verre,0.26162222111357314,0.7455564081546939,1.0,1
verre,0.4746694736529587,0.863252738586839,1.0,1
papier,0.10204633358149452,0.10613351579973979,0.2194607455237243,1
plastique,0.026626439247609362,0.7163748278772645,0.49551423205012385,1
metal,0.23318924002895286,0.0,0.8633483502238005,1
carton,0.14376911019049352,0.0018022366578638455,0.46224039770112424,0
metal,0.10791887331043944,0.0068550773879020414,0.9070179934924024,1
carton,0.2001854761905339,0.05053362114221072,0.6397969632439362,1
plastique,0.030189273497386235,0.869920419404205,0.596472513291639,1
plastique,0.04928347921780097,0.4524369002346301,0.39373209027268286,1
papier,0.021009302318719954,0.1218279902078834,0.33149144535840475,1
metal,0.2534672390974465,0.0,0.818476337814243,1
plastique,0.043815752482975714,0.6056136268421133,0.4491919171506506,0
metal,0.1892402572478614,0.0,0.9224609360642517,1
organique,0.14275838141100552,0.0,0.06563867345429951,0
papier,0.09589078263070193,0.02371718427149526,0.17045985898609706,1
verre,0.19759847582729695,0.861276852256614,1.0,1
plastique,0.04078722458080425,0.8302782502611595,0.3160278157819224,1
papier,0.10976127048609569,0.040205846898240784,0.15963515367580033,1
verre,0.08406486429506271,0.8833065225210363,0.9678962864345884,1
organique,0.08565184907804324,0.0,0.15239255657325784,0
organique,0.031182175590531505,0.006764418164947713,0.0800928994705765,0
organique,0.05850937036149087,0.0,0.10597784622992425,0
verre,0.11302785905155521,0.8807033532195266,0.8804001831405994,1
papier,0.08554040917594725,0.0,0.3838183676795123,1
metal,0.21690269538235782,0.002531652380379812,0.8990453285470885,1
verre,0.47862686134046006,0.7485536257546057,0.9275539586195102,1
papier,0.10515472323354925,0.09307720080081132,0.3281016361735113,1
organique,0.08815815598715056,0.0010207491624738367,0.11657426310108795,0
organique,0.14894841362677164,0.002820026250168557,0.10455504333030612,1
plastique,0.05593969346466372,0.8363905942589928,0.42034636358672234,1
plastique,0.06173714187600541,0.6013998130682334,0.34463506946528183,1
metal,0.17188686114290141,0.0,0.8706734365218033,1
metal,0.21578338125049654,0.0035845361820962024,0.9117012227176574,1
plastique,0.0564816793878959,0.7163748278772645,0.3240867338446302,1
papier,0.05304596054626888,0.09329914166635413,0.09324670857457272,1
organique,0.13278913326764047,0.0010207491624738367,0.06356609665271046,1
plastique,0.01785033530877545,0.6595614695132211,0.4576556963055767,1
papier,0.06905141811371344,0.10430719415231875,0.18625514853723082,1
papier,0.02594058687259941,0.048790658783539755,0.3187679388461564,1
organique,0.17804568193191178,0.0,0.0604993598959462,1
verre,0.2457515125772861,0.6863900724652536,0.8657607302589768,1
plastique,0.02175392597329417,0.7946475249147089,0.3840061470036573,1
metal,0.3348011422966808,0.0,0.916079660566962,1
metal,0.23998912989922971,0.0,0.9579537032477949,1
metal,0.29846996105237883,0.017246966497611087,0.8242764845409617,1
papier,0.08550079759337467,0.19422931529673046,0.06540203197532515,1
carton,0.1379292794789897,0.03513731470464033,0.5235580408102176,1
carton,0.2013710767669387,0.017934790663681012,0.6422669524792303,1
plastique,0.02343627902203139,0.5124349920169754,0.5451143607795041,1
verre,0.2180854954798055,0.6691054058943484,0.9298355249013439,1
verre,0.4172257284413772,0.7961916430423269,1.0,1
metal,0.34043805586523923,0.006686548047579066,0.8907077123903626,1
metal,0.1949180340307716,0.0019502498402812673,0.8967905911445752,1
metal,0.2279720037839755,0.0,0.8953181905630415,1
organique,0.08553645677697629,0.006569471123242789,0.1471272614226736,1
plastique,0.05586144946597363,0.8190314050873827,0.5687141635072566,1
verre,0.31651477276238865,0.8972954502081442,1.0,1
carton,0.09221872591655689,0.08124510263900844,0.7280508855964254,1
carton,0.13902780941775683,0.05007606152246375,0.54035361022063,1
metal,0.09062897548318034,0.01562888768508198,0.8922370475587625,1
plastique,0.05628494665190548,0.6553074429348298,0.5475356216949552,1
plastique,0.038674045407944564,0.7714030971930095,0.39743960579567583,1
verre,0.3238972746753204,0.752585319734521,1.0,1
verre,0.40269374126317903,0.8036963147642877,0.9145960566902929,1
metal,0.2249046938754308,0.0018383451632250436,0.8714824316793159,1
organique,0.13064784036696428,0.0028294618450748488,0.03276754862652874,0
verre,0.3385155980516976,1.0,0.9253268591817991,1
plastique,0.05603094684667225,1.0,0.39743960579567583,1
carton,0.14906250800635595,0.05677987370618493,0.375722684579375,1
carton,0.11305985656348891,0.04585044954632255,0.4558602692309665,1
verre,0.2482807829454609,0.642363206325772,0.9061840666012909,1
verre,0.3619605668887069,0.8111309320700233,1.0,1
metal,0.17583636004081088,0.0,0.9519189425509659,1
metal,0.3359965899661105,0.026930336639804965,0.8089698349725741,1
organique,0.047349198357036035,0.001848678838526347,0.08860560092246689,0
metal,0.023554715432074463,0.0,0.8766752310385901,1
organique,0.08022582648573133,0.0,0.17033904278940193,1
carton,0.20229483577479346,0.09035815927666477,0.586946484398397,1
organique,0.09146680802762923,0.0,0.030728586594275464,1
plastique,0.03560311583210583,0.8908003526986404,0.3191701714644849,0
organique,0.07523709053931166,0.0,0.18112491704505068,1
plastique,0.05947665841823575,0.49879652370005956,0.5479944138890026,1
metal,0.2678539370133335,0.0,0.8046096221061305,1
verre,0.3239264835108181,0.9379741265221495,0.9739436081965918,1
plastique,0.029743377593311526,0.796494483048637,0.4310907565598005,1
carton,0.1936584715346733,0.06557959424088003,0.6230833128509559,1
plastique,0.05687236579136923,0.8517938440986534,0.18761042756901933,1
organique,0.052862386125598175,0.0,0.1188914610611079,0
organique,0.12474520480438968,0.009197033140843018,0.09991317383621523,0
carton,0.16952614487825005,0.04839594005174454,0.3202574921379263,1
metal,0.2717652957509706,0.0,0.9320239897600412,1
papier,0.10581420465079236,0.06359985293854328,0.4170942717497814,1
verre,0.44871222001287103,0.544850967209187,0.9504645876265456,1
metal,0.34474450797864886,0.0,0.9455681361087361,1
carton,0.13634901196369903,0.05887760460434872,0.25918023654214306,1
verre,0.24929106356937386,0.7961916430423269,0.9049199626982214,1
plastique,0.026980128451553946,0.45085224425760234,0.45193465142411726,1
metal,0.21994468765133832,0.004583867035514843,0.8518633717357694,1
papier,0.0573974638896145,0.1456792313116625,0.26153674840130536,1
organique,0.10955317544745656,0.0,0.07868657216617875,1
papier,0.048046590107738825,0.08001819071926988,0.2579633173213576,1
verre,0.5264686934262719,0.998581220568082,1.0,1
plastique,0.010806597522404489,0.4244661264085817,0.39743960579567583,1
organique,0.14041655305002623,0.0033972385937475697,0.11058001902942535,0
papier,0.05181993818543737,0.10922756515985185,0.3317115067339865,1
papier,0.11217522011929407,0.05862048896756402,0.33736585451629575,1
organique,0.05300634766468254,0.0015971772868210007,0.1903267335729667,1
organique,0.08732939576257412,0.0,0.12897094914494847,0
metal,0.31226959761001527,0.0,0.8587742919236163,1
organique,0.11301747437735242,0.0,0.08199470236809066,0
verre,0.4888582269040288,0.7101613405160997,1.0,1
organique,0.10979277495578159,0.0,0.02184552509197929,0
organique,0.06907666177718076,0.0,0.06853239501566574,1
carton,0.12161471078906572,0.0324303432690386,0.25000845632751256,1
organique,0.07683818655327403,0.0,0.21473842957738923,0
metal,0.162735554470547,0.012958717818630144,0.8971705755550052,1
carton,0.11850473726407937,0.04598501672894272,0.6158142183462935,1
organique,0.15703578998498358,0.0,0.05699036522887509,0
plastique,0.07317191158014809,0.7163748278772645,0.29627538456735436,1
metal,0.21578338125049654,0.0,0.9567810073591472,1
plastique,0.03639950556843019,0.673971389126463,0.33534271157574735,1
metal,0.2712198000669207,0.0,0.9301059160196242,1
organique,0.08868453117921499,0.0,0.12655483011423038,0
metal,0.07481577829103558,0.002167755637626291,0.9662898323771095,1
plastique,0.049469722491015666,0.7139604169980037,0.4669672548830039,1
verre,0.2842766681882506,0.7961916430423269,0.8719096569302264,1
metal,0.17627140327441615,0.0,0.8875735690962776,1
plastique,0.03395445461556762,0.9882546578132231,0.26198985417851084,1
papier,0.03159315806369777,0.09862425474746819,0.3899881934895216,1
papier,0.1313512544042703,0.0415041582144856,0.17587423453814577,1
metal,0.2208353810666845,0.0,0.9243018144708819,1
carton,0.15394480482992542,0.017652740997828646,0.687467105210541,1
organique,0.06791381633961424,0.0,0.14227630499426058,1
metal,0.19657412949507402,0.006227112239002686,0.8941885478439021,1
plastique,0.06503866065373548,0.6696429809928833,0.45040465155178444,1
plastique,0.06223352577681736,1.0,0.39743960579567583,1
plastique,0.056928964189939514,0.7648332704976883,0.25777462904023263,1
papier,0.01,0.08867579505750842,0.17410950262959227,1
organique,0.0491836502408228,0.0,0.06924061621421965,1
verre,0.34304101770869894,1.0,0.9602274698045372,1
carton,0.19854706656884305,0.06419282581011615,0.7516194395468909,1
organique,0.0991590671965697,0.0012391742634264473,0.05458969088557148,0
metal,0.22680464232672942,0.008333339117803071,0.87744205707955,1
plastique,0.040610512281300956,0.8654366498072047,0.4244966571108723,1
metal,0.16117553317057054,0.0,0.8735333943775815,1
plastique,0.05417727190009511,0.7163748278772645,0.4024510174258943,1
papier,0.10988143057417449,0.03728552884153753,0.2950307591973576,1
carton,0.13399540095278048,0.05818056107485275,0.5630678715871338,1
verre,0.42175915797930497,0.9226629043814075,0.887711697045015,1
verre,0.4118661959709932,0.9425754132923938,0.9653810377725526,1
organique,0.12433631015196905,0.005542247039460395,0.15021883173815662,0
carton,0.15015420634125135,0.039401244610750216,0.708013709919673,1
carton,0.11681398115101438,0.05495023833152409,0.3071067839427761,1
metal,0.2370547836214068,0.0,0.8870572799815084,1
metal,0.1825563283686101,0.009153902755601618,0.9052876895635741,1
verre,0.3883613953816771,0.739793036400166,0.9824462105253498,1
carton,0.16676193435349743,0.028316172179553505,0.3007527572802424,1
verre,0.4644135202616418,0.9346832808140513,0.9418019560199039,1
papier,0.07918086381470205,0.09261987068506657,0.23506300992735593,1
plastique,0.04928347921780097,0.6379466486813088,0.39743960579567583,0
metal,0.1345257067246399,0.0,0.9357304895318309,1
carton,0.12809450878782025,0.08966772469703424,0.7496475647186953,1
organique,0.12834874694071727,0.012411473438787268,0.08171001636032488,0
carton,0.17106899055490413,0.04839594005174454,0.6587310570415861,0
metal,0.08805550601584469,0.0,0.8990453285470885,1
papier,0.09988643806002238,0.18123392292347804,0.12575294143019516,1
plastique,0.023590867738314477,0.9610957614308657,0.30444595593995744,0
plastique,0.025260985782438364,0.8627019272001277,0.38720824085192335,0
metal,0.13218928571047323,0.0,0.9631853338827334,1
organique,0.15757782860612546,0.003191602900919905,0.0706517156453839,0
metal,0.12839441261787163,0.009514492770580866,0.9038740259259431,1
carton,0.2301126612803455,0.07531259071171263,0.42613308885042234,1
papier,0.05995728639070854,0.11973357649114906,0.2126379579546412,0
papier,0.10783520384243711,0.049208909051080156,0.3001046092567141,0
verre,0.34527353473709904,0.5612893028755568,0.9817698466107448,1
verre,0.28224337872662925,0.6761622735473809,0.9597705142498316,1
plastique,0.021962978744154385,0.6583755499285449,0.2964757677580626,1
organique,0.08713175128714265,0.012024777476530081,0.10249013954514163,1
carton,0.05833294177467835,0.024612095867687908,0.42393865767147415,1
plastique,0.05369267717064609,0.7163748278772645,0.4311250154543536,1
organique,0.12394956063972562,0.0,0.0898136435979201,0
verre,0.2259359922312429,0.7256046430510295,0.9840722540178642,1
carton,0.148595806720351,0.03608657244303596,0.24973226721334285,1
verre,0.19808200170138227,0.7803442389501507,0.8982522567733933,1
verre,0.4032595109370551,0.7828114549538048,0.9822134079754651,1
papier,0.09624388184614364,0.19270462831670943,0.1535382702701607,1
plastique,0.07805588621872199,0.5754600960358812,0.3892969640045442,1
verre,0.3335464341950304,0.6394132880484249,0.9545507975522618,1
verre,0.3350122033237538,0.9572796407761401,0.9401023436715834,1
papier,0.09379916428817349,0.05984105246598276,0.10645612979554048,1
verre,0.28771454968987165,0.67496615190811,0.8382786778842898,1
papier,0.05200196122780412,0.0766981749065879,0.24891871301476637,0
metal,0.2497655992244839,0.0,0.9226754356277234,1
metal,0.07715423014343155,0.012179591523055585,0.8768419318957301,1
organique,0.04444367315883571,0.0,0.11909832287620475,0
metal,0.11866534971388024,0.0,0.806512915015229,1
organique,0.05017624353541781,0.012691726564583795,0.12254456876062575,0
plastique,0.03993048691767602,0.8799199750866501,0.42139799107342224,0
carton,0.14906250800635595,0.054278077364029634,0.2695214577584325,1
papier,0.06270468797819842,0.1291048851734308,0.22832878715461424,1
metal,0.2115910266477513,0.0,0.9305108084794611,1
organique,0.06518975105931099,0.0,0.07806270399758533,0
metal,0.2683620181653293,0.0,1.0,1
organique,0.10364753095375129,0.0,0.011028527557418621,0
verre,0.3270783948446408,0.9326151254838769,0.9605797485190196,1
carton,0.15698884848831177,0.04839594005174454,0.6087085786841389,1
organique,0.14058581545757648,0.0,0.13820526481640474,0
metal,0.11931562527390337,0.0,0.9541345526943537,1
metal,0.1406012613969293,0.039262377064363266,0.8953306570550026,1
organique,0.14567412979243888,0.0012652320501805505,0.06808615171514262,0
carton,0.1420202719087502,0.053008108763523284,0.5131367328430384,1
organique,0.06586786772694668,0.0,0.2110341898291557,1
metal,0.1736441770922327,0.0,0.8240326962261579,1
papier,0.06835469544376314,0.07733859753363624,0.16082418509561783,1
organique,0.1087210036853026,0.011040706092820499,0.0703463932783885,0
carton,0.16400606944847246,0.04563928243603561,0.38764527935673565,1
verre,0.40810220098659855,0.8263318744835763,1.0,1
organique,0.09873950702307908,0.0,0.10111019672713184,0
papier,0.08084543472107385,0.0989316352825782,0.2808057798281145,1
papier,0.11714849214300907,0.25965537839224306,0.04952796259689979,1
plastique,0.05120460419882053,0.6229372806276479,0.43665982460968483,1
metal,0.10898514636601468,0.0,0.8426154305092166,1
verre,0.481576650828216,0.8693822828971312,0.9900249120882986,1
organique,0.034695890172507085,0.0,0.029097003901553176,0
carton,0.19449581662825843,0.06257250465682433,0.4207944503220567,1
metal,0.16341586759305682,0.0,0.8990453285470885,1
papier,0.020736003009383865,0.07178762006713058,0.3139878561129046,1
organique,0.07256007833122315,0.0,0.05359286808604748,0
organique,0.06767126364853454,0.013907324875915426,0.14969648785608258,1
verre,0.17468929530617844,0.836003410652757,0.9545507975522618,1
metal,0.20191224346279646,0.0,0.9078486480484217,1
metal,0.15146397641877626,0.0,0.9434577296248449,1
verre,0.34527353473709904,0.6453923745797716,1.0,1
carton,0.14906250800635595,0.04189179984772443,0.48353457442757863,1
papier,0.08358741105242459,0.04401912833554944,0.09996686753944253,1
organique,0.10099430015005077,0.01935320336598404,0.12798502362057113,1
metal,0.16164056260806053,0.005731278132412001,0.8471721178619874,1
papier,0.07924919123764568,0.1209766221953514,0.09376064718531203,1
verre,0.2496242108436629,0.5974627382085763,0.8452421238660006,1
metal,0.23705650336792985,0.0,0.9167088208622449,1
carton,0.14906250800635595,0.07383917712234234,0.5278538884611589,1
carton,0.17611218406240048,0.02510337523563686,0.6784867095861752,1
verre,0.18104427739217296,0.9620103500483248,0.9205618231896602,1
papier,0.04370915771476678,0.20030464440795615,0.0,1
papier,0.06159792009377181,0.0998312771294524,0.17610679008303057,1
verre,0.5146397242679973,0.6408759806248856,0.8567834235845452,1
organique,0.01,0.0,0.11894052647482967,0
metal,0.17318897750628387,0.0032950873557300916,0.8365334751726651,1
papier,0.048655724179368996,0.0,0.3612278257988646,1
papier,0.08965093418588041,0.18349522521757033,0.30299608175811615,1
carton,0.1620462498644734,0.015123037667342042,0.5054948242160369,1
carton,0.13576584821637083,0.019195047359378468,0.5415190173987933,1
organique,0.0552888463905212,0.02569907035475335,0.06351676880894366,0
organique,0.09999523405763627,0.008209668843684006,0.08539957272434871,0
organique,0.03644726098719116,0.0,0.12084647516324083,0
carton,0.11112304800775111,0.03484015554962653,0.4005823281808451,1
organique,0.08909221671390158,0.0,0.10924051512448696,1
organique,0.06084743015675443,0.0015725843678529832,0.11573531537772344,0
carton,0.15084453581212418,0.06558547774788327,0.46162382946453623,1
organique,0.08855325453248118,0.008039193308807204,0.05543907499466246,0
carton,0.11164727467146617,0.08156213615823028,0.5681274750784757,1
organique,0.18656029495649426,0.0,0.08162947066025923,0
carton,0.11182843299249975,0.03872599649884198,0.621478676245554,1
metal,0.031997879387870076,0.0,0.9598623461822614,1
plastique,0.03996485912830927,1.0,0.4067518481410109,1
verre,0.3164284927113429,1.0,0.8674754394981119,1
metal,0.2365824323692193,0.0,0.9233335490983041,1
plastique,0.06313107217267659,0.9316221747000135,0.3138715798671736,1
carton,0.2857973286156441,0.05384469528390462,0.7703247212647168,1
plastique,0.04928347921780097,0.9166102486350554,0.32269902161445335,1
carton,0.1295019748073613,0.04784881736282184,0.6224109265090771,0
verre,0.1997234982369396,0.4273082631371279,0.968606569554658,1
carton,0.1314704738463774,0.02947560722509945,0.5474810489912948,1
organique,0.06959242204151656,0.005736870300025537,0.10000933323174867,1
organique,0.011743246064650686,0.01095160411720232,0.11958353078076359,0
organique,0.015405348199320379,0.0,0.09690799580196584,0
organique,0.12629459853558284,0.011342947938882124,0.14949300702929996,0
metal,0.2824464468499246,0.0,0.9046686187138326,1
plastique,0.02072970103735763,0.051746531986185396,0.2241260513576886,1
carton,0.12257801640865051,0.05660130001625244,0.34978443852423835,1
verre,0.44718226901727354,0.9286168897576109,0.9661900063802972,1
metal,0.2477782574602708,0.0,0.9128876270071375,1
carton,0.14193178134952347,0.03764726781211507,0.33242880096852345,1
metal,0.25212175930716046,0.0,0.916202851411078,1
papier,0.09367663316244823,0.059487378149280956,0.297519762978243,1
carton,0.2091226913302652,0.056514147156263995,0.5131953231579246,1
organique,0.1472893611575326,0.0,0.09463226046429918,0
verre,0.3138109028766996,0.6944569905610332,0.9315239191588884,1
papier,0.10848662406323971,0.0903170270360141,0.29983108981479606,1
metal,0.22941194343931373,0.0,0.9212744966620116,1
papier,0.0732570379432195,0.17567248716210657,0.2324359281721603,1
metal,0.2375414071846821,0.0022054142701386685,0.9600130874869415,1
organique,0.09163915601394562,0.0,0.14262979016475513,0
verre,0.24467412793550036,0.5377179522563711,0.9782138694013368,1
plastique,0.045316932505533286,0.5368379430069123,0.39743960579567583,1
metal,0.26054309439895856,0.0,0.8990453285470885,1
carton,0.17039625087571425,0.10268444087299917,0.3703151409082548,1
organique,0.06968575215976495,0.011029277327426599,0.015365919224453156,1
carton,0.11869049838892166,0.06428206999440185,0.7270396961979168,1
metal,0.2137471471834825,0.017041055162554913,0.9036018430641872,1
carton,0.12321933307872941,0.03699966662659094,0.5054948242160369,1
metal,0.13721904734978374,0.017388513518533315,0.9099905216859357,1
metal,0.10482666727277111,0.0,0.8885225672319826,1
plastique,0.05010226913284922,0.4504433636070301,0.37305931655554425,1
metal,0.3570069752424636,0.0,0.8398925236961956,1
metal,0.08755463846570864,0.018325570434792018,0.9636176750053385,1
carton,0.15412563496615947,0.06683056684079519,0.4580190370750968,1
papier,0.035632652936776144,0.15443743098520932,0.2871297297457244,1
carton,0.14849278652395745,0.047035542448164595,0.41406918656933767,1
plastique,0.07114244452437832,0.6369461510719309,0.3400607354555978,1
plastique,0.04973005550524132,0.4714059404338753,0.4224092481810417,1
metal,0.30631466556283277,0.0,0.850885298287266,1
organique,0.06936559639654791,0.009958719766589276,0.10371209926504169,0
verre,0.37898422641684676,0.6239644689481813,0.9557266683107731,1
plastique,0.03161151531532394,0.587963791960606,0.34694988523894726,1
plastique,0.05751396036691344,0.7346361851702363,0.5532738913002578,1
organique,0.09537385725807077,0.008074447180083516,0.195164634386358,0
verre,0.22584987690508773,0.6302275786800957,0.8683523859729008,1
papier,0.11520421572455974,0.11615396365580147,0.06799774887792942,1
metal,0.1968554169897895,0.001941076309533577,0.9095211944962529,1
papier,0.12592252497031092,0.16041831152965713,0.32969945465611095,0
verre,0.5475027353630781,0.9480963348884939,0.8449540569274041,1
papier,0.07481161820229731,0.07336495801690443,0.2126379579546412,1
metal,0.2678744705764228,0.0,0.9789059028781093,1
papier,0.11571938824359024,0.04291554429332475,0.3521316051922452,1
carton,0.1503982141323665,0.038377079090999675,0.3944518175650233,1
papier,0.08926499037796892,0.06241044749524079,0.20824397529345035,1
plastique,0.0662703443473934,0.7234654766617563,0.2484808937801448,1
plastique,0.02787330051987944,0.8359195497869352,0.22868654709091227,1
papier,0.05482370997982981,0.098421090316297,0.2952874547202939,1
carton,0.1395273717175462,0.07822101802118449,0.25646671429653,1
plastique,0.05199302730175283,0.561418080947869,0.33002744920074145,1
organique,0.0991590671965697,0.0,0.051083889620402854,1
carton,0.18198936658977685,0.035530743822594246,0.718959781255691,1
organique,0.1367187068266545,0.0,0.19047574592593033,0
organique,0.08503278896039265,0.015991566845286142,0.11694457991092609,0
plastique,0.06625051644788396,0.7432917179163949,0.3885460154747382,1
metal,0.2450304688139484,0.0028732890440300927,0.9877466535823621,1
plastique,0.015501643349739344,0.5285684887167434,0.3281555778747564,1
plastique,0.08731549022289514,1.0,0.39920273586833827,1
plastique,0.0647693315999082,0.8027571901824417,0.6153182457511557,1
papier,0.09199063855257925,0.021840459565167142,0.157069777548274,1
papier,0.1165628555509195,0.15120312629057314,0.1977131937701118,1
verre,0.36492865634724775,1.0,0.8968683611291949,1
metal,0.25854965634306365,0.0,0.7583922200944716,1
verre,0.4000477519420632,0.8157102947957197,0.8936086389749347,1
metal,0.3225894179742493,0.0,0.7975029360711261,1
plastique,0.03646155999388083,0.7163748278772645,0.43417559757771595,1
organique,0.10445107072213103,0.015292965508395333,0.16684602187823566,1
papier,0.015413282211425516,0.13766708105522663,0.1331855914461006,1
metal,0.2441839950143619,0.0,0.8793197233289178,1
metal,0.23183416399574472,0.0,0.9993637999615405,1
metal,0.11282935701260895,0.0,0.9271739689335047,1
verre,0.44294825073447697,0.6159110328618714,0.9174643231327455,1
metal,0.2631245349900415,0.0,0.987368159895778,1
verre,0.40518636553095005,0.7661429528646001,0.9456577611434903,1
metal,0.17035935211279768,0.0,0.9132010040666835,1
papier,0.1449500703470325,0.11002845986154715,0.25010941699398453,0
papier,0.1250400095586646,0.12332149912167632,0.18311782768099893,1
organique,0.06666505764818262,0.017786551265382484,0.0,0
metal,0.15752232817504286,0.0,0.934636137755843,1
organique,0.10876442400137641,0.008986484586849005,0.1072171733648347,0
verre,0.2701560952582946,0.7720441408455363,0.9455238694876047,1
verre,0.32451787316276354,0.9193859757271211,0.9975072735499415,1
plastique,0.06574169207484905,0.824823963410431,0.4538910043684659,1
carton,0.17248279533129252,0.024037462298907394,0.5054948242160369,1
metal,0.27218217390293176,0.004820667273353861,0.9144361831412512,1
papier,0.10277465480907941,0.16105168477626766,0.22011596558728394,1
metal,0.21578338125049654,0.0018142662011397138,0.9466095782130193,1
papier,0.07336239129242685,0.04951346476450313,0.2075433638901593,1
metal,0.2370630824094485,0.0,0.9909030961278913,1
metal,0.1804735621060639,0.011797252083607102,0.8990453285470885,1
plastique,0.05808101713629077,0.9326327504309919,0.39444523011033816,1
carton,0.14326157104424403,0.028218397677043913,0.5054948242160369,1
papier,0.08009138060460244,0.10442034431459238,0.16776795307886602,1
plastique,0.04723471397657631,0.6509223767994259,0.38529426184978616,0
organique,0.09039388750770036,0.0,0.10708829294805398,0
organique,0.06288863563756956,0.0,0.10363623137016438,1
carton,0.14906250800635595,0.044740423924386444,0.5054948242160369,1
plastique,0.045606562243249764,0.5693341534852576,0.43323140119795917,1
verre,0.21734609838902408,0.6942183895505328,1.0,1
plastique,0.06645089824206378,0.8121569052736468,0.4097676098548832,1
metal,0.3145093425464947,0.0,0.9017220505852921,1
carton,0.1319118465581593,0.02732368809826234,0.34550979936413795,1
papier,0.13478029140640807,0.05008072804058543,0.2847421677150422,1
papier,0.03734567999774469,0.03217090976882975,0.2126379579546412,1
papier,0.06171463393522151,0.1466295415936545,0.21943843015773362,1
plastique,0.06937289981065779,0.7887638856292456,0.5368631557532348,0
papier,0.15478998552298373,0.16448763770413727,0.3080048065714649,1
organique,0.11106891890353265,0.0,0.13929060046484046,1
carton,0.15533935967370865,0.0623985266479161,0.5054948242160369,1
papier,0.07129176367434047,0.07097382750976387,0.11536433450091266,0
metal,0.2865413382138263,0.006813595104429479,0.7755836323293506,1
verre,0.3469041749363426,0.9512781237167873,0.9354255010503254,1
plastique,0.011734395106844042,0.8251334695530013,0.2592536225623445,1
verre,0.3419584226291007,0.98738026512313,0.9373809978267774,1
carton,0.19216863110785293,0.07350566215648098,0.7080886116578894,1
papier,0.08511248667126463,0.13481937237283578,0.10775898155014975,0
verre,0.17464262820913126,0.5285061648528941,0.9689863093470061,1
plastique,0.0664412031998898,0.5645676576975776,0.39743960579567583,1
organique,0.1291563662225113,0.002549967506745988,0.007629580773604247,0
organique,0.19778331010330025,0.0,0.09695410836146084,0
carton,0.07792589691951111,0.04418849793805276,0.45093227051167817,1
metal,0.32433283365718196,0.007505791675217656,0.9101164398211401,1
papier,0.0725392662144936,0.098421090316297,0.2043602446372454,1
organique,0.017401704496610604,0.0,0.08895288692476197,0
carton,0.07377393566904128,0.021749284731579943,0.6035355200570409,1
metal,0.3258415780171885,0.0009806753953894454,0.9154999491582778,1
verre,0.4846044207464717,0.7026213012644481,0.9474788574139256,1
carton,0.15150953936050773,0.046883570513417946,0.7728834774949582,1
organique,0.14146587317677023,0.0,0.10470621338946381,0
carton,0.1404476155026485,0.013285774519179588,0.6161197192429048,1
metal,0.151620426836943,0.0,0.9498285255289723,1
verre,0.4174280468746775,0.9750654371575455,0.9811654903327302,1
metal,0.36098163565606123,0.012289805024890618,0.8828725399571118,1
metal,0.31646578577174134,0.0,0.976050311357969,1
papier,0.04690374902834951,0.0,0.27421274910718924,1
metal,0.2495769156772909,0.0,0.9736335337875491,1
carton,0.11672572926548921,0.0,0.6826060354627445,1
plastique,0.05662526862807128,0.9177901193934732,0.2679766792979358,1
papier,0.14168621389820968,0.14519674205430977,0.36399645293713934,1
carton,0.06798666803873418,0.04526462794071881,0.4909566512912582,1
organique,0.10303509559839251,0.003171469847104752,0.1468104504789975,0
metal,0.10139813481851928,0.0,0.8569807494610249,1
verre,0.5505574045639954,0.8005122126767616,0.9903646562405541,1
plastique,0.04548447399026929,0.530641256386319,0.29974706353621916,1
verre,0.3286727624034208,0.6583446833685421,0.9648314159838087,1
papier,0.0966869002820198,0.06327042116009754,0.22383689827347852,0
plastique,0.030506366595453572,0.8583325387925871,0.5523124077269658,1
verre,0.3595320806947719,0.8191704046050174,0.9524192559142901,1
organique,0.15146012476287724,0.00502714891773257,0.06390183364374355,1
verre,0.36550366235955184,0.5645059493513986,0.927750833931307,1
papier,0.07092590940535615,0.09149076887375358,0.16331755881853124,0
metal,0.2002956537478278,0.007682072166317373,0.8802159644121869,1
papier,0.0752441128091909,0.11615838570923909,0.2179581781939598,1
papier,0.041095041561324604,0.0854094365542228,0.1962963202951588,1
papier,0.07703331040426573,0.08954883713569874,0.285277367512222,1
metal,0.21578338125049654,0.0,0.9576950367127874,1
verre,0.1973448138302253,0.7654915346605426,0.8961669745911167,1
carton,0.12910182480806776,0.04042865515967773,0.5054948242160369,1
plastique,0.01898673137867735,0.7614599041753218,0.38876719503091706,1
carton,0.19050311520263458,0.0707409457747986,0.6935552183292005,1
organique,0.09041970524940222,0.01379162588197498,0.19313732461786315,1
plastique,0.04530825733249706,1.0,0.47175422557959623,1
papier,0.0819342324443036,0.22790996428341262,0.0993457434720359,1
plastique,0.05657502219319369,0.39612600680919724,0.5755340842443205,1
papier,0.11984582425547174,0.098421090316297,0.1072646865809426,1
verre,0.21505364285744763,0.7961916430423269,0.8860988708281812,1
verre,0.35987457776373344,0.9625414480858207,0.9033393296177201,1
papier,0.12585405279237594,0.13465528036315721,0.13459243168725762,0
plastique,0.03181225090410522,0.7561983735470065,0.3207127167737656,1
carton,0.14906250800635595,0.032541406465208686,0.4035864045577163,1
plastique,0.04928347921780097,0.6854342174686254,0.39743960579567583,1
metal,0.25636052318597785,0.0,0.8525541739587581,1
plastique,0.08076073132931938,0.5676427070463224,0.4622849932347499,1
plastique,0.08772371802421061,0.7020466122039174,0.43840654489393077,1
verre,0.34527353473709904,0.7393001265039432,0.9681327811125584,1
organique,0.0781662965611569,0.004335054999468424,0.17793990347489444,0
papier,0.12684533590180558,0.08867605540492367,0.17404533224160829,1
plastique,0.04314570966946461,0.7261481154572182,0.39743960579567583,1
